{
 "train_loss": [
  0.691380554666886,
  0.4757271111011505,
  0.36310535554702467,
  0.2831001726862712,
  0.23708367806214553,
  0.20628775369662505,
  0.18580796502721617,
  0.16751353117900017,
  0.15101637376042512,
  0.1369227590278173,
  0.12563136444450954,
  0.11401864905387928,
  0.10378483534814456,
  0.09558919779001138,
  0.08627681529674774,
  0.07952703134371684,
  0.07399489744924583,
  0.0688189338080776,
  0.06138034663998928,
  0.054730164054303594,
  0.04848997617283693,
  0.0439177996550615,
  0.04045077193623934,
  0.036270883841774404,
  0.033877237126804315,
  0.03308694876539402,
  0.02915004465299157,
  0.026270631736574266,
  0.023456515254787147,
  0.019918803758441638
 ],
 "train_acc": [
  0.8668618202209473,
  0.9053010940551758,
  0.9297800064086914,
  0.9472465515136719,
  0.9563175439834595,
  0.9630725979804993,
  0.9667074084281921,
  0.9699884057044983,
  0.9738484025001526,
  0.9774189591407776,
  0.9796384572982788,
  0.9821796417236328,
  0.9842382669448853,
  0.9864578247070312,
  0.9887738227844238,
  0.9895779490470886,
  0.9908324480056763,
  0.9920226335525513,
  0.9934701323509216,
  0.9941135048866272,
  0.9953680038452148,
  0.9960756301879883,
  0.9968155026435852,
  0.9971371293067932,
  0.997298002243042,
  0.9974910020828247,
  0.9976840019226074,
  0.998488187789917,
  0.9983273148536682,
  0.9990028142929077
 ],
 "val_loss": [
  0.5092159152030945,
  0.39567970782518386,
  0.30120798051357267,
  0.24889600798487663,
  0.2226680524647236,
  0.20447065979242324,
  0.19438688457012177,
  0.18768142387270928,
  0.18370104506611823,
  0.18155633211135863,
  0.17861198708415033,
  0.17951018065214158,
  0.17347017787396907,
  0.17517582923173905,
  0.17401486337184907,
  0.17507682293653487,
  0.1749272473156452,
  0.17328508757054806,
  0.17672841623425484,
  0.17802870646119118,
  0.17843930386006832,
  0.18459365405142308,
  0.1834991168230772,
  0.18342624716460704,
  0.1922215647995472,
  0.19332319609820842,
  0.19782089665532113,
  0.19803389459848403,
  0.2008943758904934,
  0.20031996741890906
 ],
 "val_acc": [
  0.9031635522842407,
  0.923353910446167,
  0.9430298209190369,
  0.9552469253540039,
  0.9589763283729553,
  0.960519552230835,
  0.9621913433074951,
  0.963477373123169,
  0.9638631939888,
  0.963477373123169,
  0.9651491641998291,
  0.9646347761154175,
  0.9670782089233398,
  0.9661779999732971,
  0.9669495820999146,
  0.9660493731498718,
  0.9674639701843262,
  0.9664351940155029,
  0.967721164226532,
  0.9652777910232544,
  0.9669495820999146,
  0.9672067761421204,
  0.9669495820999146,
  0.9678497910499573,
  0.9650205969810486,
  0.9659208059310913,
  0.9651491641998291,
  0.9647634029388428,
  0.9650205969810486,
  0.9647634029388428
 ]
}